0a2b726e-d4eb-4ca4-b043-fe6b75c32bbe.png,3_24+5
00db5162-bba3-4845-ba09-5c54d35ca109.png,1_12_1
0a431cf0-d308-49ad-a803-8853486cf50a.png,1_12_2
0a25e2bd-e68e-47d0-97fd-5437e112b76c.png,1_13
00ffe383-5aed-4f84-8a5f-0adfc6d4d010.png,1_14
00f41502-0d6d-4403-a414-f59a7a9afe30.png,1_24
0a17bc26-9c12-41ef-bba0-7b90c1c18797.png,1_24
0a286b99-5173-4988-bf63-ad97c7521fd1.png,1_27
0a28ca22-d3a6-43bf-8f79-ac441080bd35.png,1_27
0a75fd17-faf9-41ea-a963-59768c471b19.png,3_21
00fae4ab-a88a-4ae9-bd17-2a94f96464e1.png,4_4_1
0a0474a9-3b0e-4bdb-941a-1e430ea666ca.png,4_4_1
0a83ff56-af11-4b87-9ea2-125dd6d32121.png,4_4_2
00d08acd-4671-442e-8cf7-d83b46185cdc.png,4_5_4
0a78e846-c352-4ab3-8173-4e8f43304b71.png,4_5_4
00ca6300-54e7-42ea-961e-3809d7c8e661.png,4_5_4
0a3a1b83-e342-4e68-bab7-7c815d160f30.png,4_5_5
0a9f40c5-27c5-457d-9560-d3e087a2eec9.png,7_1
0a746a52-5ae5-471b-8b9e-3c798e9b58b1.png,7_11
0a41c9ea-e803-47ba-9aec-07bf2028a42a.png,7_14
0a77b412-b32a-404a-a5bd-3f3fc15dab47.png,7_2
00df481f-5534-47d4-8ccb-8aa50639e574.png,7_2
0a31b759-892c-4bf1-b4c3-019a008eace1.png,7_2
0a002a94-78ff-4d0d-984b-da8e4b57dad7.png,smok
00d8df84-c49d-4ba4-a214-d8da322231bb.png,unknow
00ffac52-3c9b-4b0c-8859-abb88e241a8c.png,1_11_1
0a933eb3-2c86-46e1-a5a4-c85ccfbbf523.png,1_15
0a4dd73c-b463-455c-be9b-981a49a41de7.png,1_20_1
0a9c8abb-a641-4c97-b81e-104cb03175de.png,1_20_1
00cb01b9-7f9d-4663-9e2c-99d16371ae96.png,1_20_1
00f54a9b-141c-463f-9b8e-1372459ccca1.png,1_20_1
0a322c9b-d255-4f1c-9dae-a07db2e3994e.png,1_22
0a2c67b1-5679-40b3-a90e-5c2ec9369078.png,1_25
00f224ef-d46e-4000-9d16-e12b22ec10bb.png,1_30
0a8c759f-bfc8-414c-95b6-1582b7e43c22.png,2_3_L
00eb75be-fa9d-4605-bcde-974b4b4f2f44.png,2_3_L
00e82642-4dcd-474d-9ae9-1b2fe73c9897.png,2_3_R
0a640df0-7a72-447b-9dfb-e485c1dd00ef.png,3_15
0a7a7e9e-aaf7-4dac-ad64-aca5dcbdd1a6.png,3_15
0a4cee39-da46-4a0f-90b3-66d30599b0a2.png,3_15
0a8f7916-cc16-40a2-afd1-dfbce215d9b5.png,3_15
0a0169b2-07e0-4d0d-9dee-5c273725d571.png,7_6
00d27c64-0a23-4490-9d91-ddaf34cf7129.png,1_17
00d403b0-dda2-4894-ad1c-89c645e511fc.png,3_16
0a52b478-a21c-4929-b082-679fa7e2c51f.png,3_16
0a5a1eb5-0a80-4c46-8a0e-35b7f37653d7.png,5_15_3
00d6f426-532c-4775-aef0-8bab8b486a25.png,5_15_3
00ef21c2-a57b-43eb-9d06-a1c5277472e3.png,5_20
0a20cdca-acd9-48b0-b0ce-30e66d6a68a8.png,5_20
0a5e028b-9a8d-47a5-99fa-24f59cbe7b0f.png,5_20
0a9c158d-f51d-457e-a41d-b4cd19d0b8f4.png,7_12
0a7ef722-1904-42ac-8073-08e461da36a5.png,7_12
00fa9dc5-51ce-4ecd-bac7-7a125290316e.png,3_2
0a599b95-a9b4-4f43-9f23-c2f2b445ff54.png,3_5
0a18cf3e-662d-4670-b0b9-219b34139f63.png,3_5
0a71acfa-13c7-4118-9bc1-200aeb18514b.png,3_7
00ceb17e-ee89-444a-a4fd-df80bff5b03d.png,4_1_3_1
00f58037-cedf-4e17-92a9-6a814fb6cfea.png,4_1_3_1
0a66f503-abfd-41b9-b204-59a33ede73b7.png,4_5_1
00ebeb93-901e-4fde-9a52-2031d8141cc9.png,4_8_1
0a45cd9c-3059-41a8-8fdd-4313075026e6.png,4_8_1
0a669cc2-a0d5-445f-b7e6-edd54c109808.png,4_8_1
00fe9f94-c749-4ff0-8584-968dc3f49007.png,4_8_2
0a24b830-702c-4c76-9275-62fd6d38fb25.png,4_8_2
00cb7538-88c0-4bb7-96cd-331ae7186a9c.png,5_13_2
0a3d1f7e-5f41-4aec-812c-31bc98ec5767.png,5_14_1
0a1504b7-8926-438e-b2b9-39ba714699b9.png,5_14_2
00cbed2c-4c7d-4118-9eba-35358f75254c.png,5_14_2
0a6d4ee5-7412-497e-8bbe-46b67bbb8863.png,5_14_2
0a4afe34-9ec1-4321-84b6-3927f1024228.png,5_14_2
00e0426d-da89-47de-8e8d-3dd48207d5f5.png,5_2
00c680f4-f22c-493f-849c-55d47cb37425.png,5_23_2
00fc8147-3326-41c4-b578-57535fe0ef9e.png,5_23_2
00db3aef-f9d2-4816-9693-650cfd2907be.png,5_3
00c5ca3d-440f-4afe-91a2-67784ac15b42.png,5_3
0a993d3f-ea9c-4905-abf4-67e214d563f7.png,7_5
0a779b62-8809-4393-984b-e5fba330527a.png,3_32
0a6d2259-b5ca-4d8a-b3f3-71a2fc998bd2.png,7_18
0a8a6408-225d-48bb-b40c-26455a3502ed.png,7_18
0a328f57-c4f4-4ca0-b94e-9d5094badbbe.png,1_2
00f4af93-e39f-4cf4-b797-e853cffef7d9.png,1_7
0a2743eb-3484-4ca8-815e-0b21f31246e9.png,2_4
0a7c396a-ad30-4c51-8cda-d5af227880cd.png,3_18_1
00c310e4-4615-4cae-983c-7ece35d15a1f.png,3_18_2
0a51f070-0c0d-4541-9637-2278a8b6c089.png,3_18_2
00dd2aa5-5ce9-4668-9fec-455915db505c.png,3_18_2
0a6f56f5-eb3c-44f8-98c4-0fa79fe9f31c.png,3_8
0a9af01d-caf7-44c1-997c-7d2985428df3.png,4_1_3
0a8eb83c-39cd-48e3-b900-dd77f35cf732.png,5_14
0a262b66-2ac9-4362-9217-191bced1b076.png,6_15_3
0a7ac219-f38c-45a8-8bac-a4c7656653e4.png,6_6
00fa7b0a-4b0d-474b-8843-0b402fe4c553.png,6_6
00e93a79-6bc9-4178-9b05-4883b26557ee.png,6_8_1
0a6a515d-5a49-4033-b1f1-e6eb17240585.png,1_1
00f9fe23-22f9-4aec-b3c3-7733c600deab.png,1_20_2
00e5865b-8295-42b9-a243-e1399b33e83a.png,1_20_3
0a304fd7-53e4-423c-a34e-136f7c8e853b.png,2_5
00ff1ac8-93ff-42af-a57b-65c03fdb5cce.png,6_8_1
00d3b757-5e37-4b1b-8af4-0c691b1a3d36.png,2_5
00ecaefa-6527-43da-af5d-175645be0e44.png,3_27
0a8e18ea-9fb7-4d46-8e35-ed84f7e0ed25.png,3_28
00ffa5eb-e96f-4d89-8668-2371d6cdccee.png,3_30
0a1c715e-31ce-4f6c-9c30-1ffd425c4c68.png,4_1_4
00d6dfa6-e009-4556-a851-d3699e24b67f.png,3_30
0a3e7411-207c-4f74-a809-7ba759beff7a.png,3_30
0a221df7-f080-429f-a9a7-31950ccc341e.png,4_1_4
0a7a4d26-4c79-4347-8378-1002dafc1022.png,4_2_3
00e068c9-7ce7-443b-b42e-e7c68ad58a2a.png,4_3
0a8d5308-4019-49a3-88ef-818a2c1bd7c0.png,4_2_3
0a300a2d-cb41-42e3-bc6f-e9656ec70fe6.png,4_3
0a9e75b9-4792-4687-8a01-985ca8bd0996.png,5_19
00fd06e4-e94f-4984-b470-365468165934.png,5_6
0a2e7ba1-134a-4762-a5cd-1f0b4ab045b9.png,5_7_1
0a42cf66-fd3f-473a-8299-96d5a65f764c.png,5_7_2
0a400ab2-6d09-420d-b6eb-abcd249ed5ec.png,6_16
0a497b5f-1139-4797-b505-243235a14d5f.png,5_7_2
0a7b2839-da9d-48cd-b185-cd7ed0eb0eaa.png,6_15_1
00d5a80c-a579-4160-97b7-2939562b0c49.png,6_16
0a48af4f-cc7d-4472-932f-939c2040ba3a.png,5_15_2+1
0a9d111c-8618-4636-9330-4f289614a620.png,5_15_2+3
